<keymap version="1" name="VSCode copy" parent="VSCode">
  <action id="AceAction">
    <keyboard-shortcut first-keystroke="alt semicolon" />
  </action>
  <action id="AceLineAction" />
  <action id="AceTargetAction" />
  <action id="CloseActiveTab" />
  <action id="CloseContent">
    <keyboard-shortcut first-keystroke="ctrl f4" />
    <keyboard-shortcut first-keystroke="ctrl w" />
  </action>
  <action id="CollapseRegion">
    <keyboard-shortcut first-keystroke="ctrl minus" />
  </action>
  <action id="EditorCodeBlockEnd">
    <keyboard-shortcut first-keystroke="ctrl close_bracket" />
  </action>
  <action id="EditorCodeBlockEndWithSelection">
    <keyboard-shortcut first-keystroke="shift ctrl close_bracket" />
  </action>
  <action id="EditorCodeBlockStart">
    <keyboard-shortcut first-keystroke="ctrl open_bracket" />
  </action>
  <action id="EditorCodeBlockStartWithSelection">
    <keyboard-shortcut first-keystroke="shift ctrl open_bracket" />
  </action>
  <action id="EditorIndentLineOrSelection" />
  <action id="EditorUnindentSelection">
    <keyboard-shortcut first-keystroke="shift tab" />
  </action>
  <action id="ExpandRegion">
    <keyboard-shortcut first-keystroke="ctrl equals" />
  </action>
  <action id="NextSplitter">
    <keyboard-shortcut first-keystroke="ctrl k" second-keystroke="ctrl right" />
    <keyboard-shortcut first-keystroke="ctrl q" />
  </action>
  <action id="PrevParameter" />
  <action id="PreviousTemplateVariable" />
  <action id="RecentLocations" />
</keymap>